Id,BIRTHDATE,DEATHDATE,SSN,DRIVERS,PASSPORT,PREFIX,FIRST,MIDDLE,LAST,SUFFIX,MAIDEN,MARITAL,RACE,ETHNICITY,GENDER,BIRTHPLACE,ADDRESS,CITY,STATE,COUNTY,FIPS,ZIP,LAT,LON,HEALTHCARE_EXPENSES,HEALTHCARE_COVERAGE,INCOME
d2c5d821-c9c2-1b25-52cd-a332401d4f6b,1991-11-18,,999-81-9285,S99919384,X37876798X,Mrs.,Lynna524,Elena945,Padberg411,,Champlin946,M,white,nonhispanic,F,Lowell  Massachusetts  US,879 Mills Station,Braintree,Massachusetts,Norfolk County,25021,02184,42.246702738130224,-70.97245481542056,188224.06,536982.11,65628
9575bb57-0440-ca5b-04a1-db1db794c493,1998-12-05,,999-55-6678,S99938277,X28200430X,Mr.,Martin117,,Bechtelar572,,,,white,nonhispanic,M,Stoughton  Massachusetts  US,112 O'Keefe Parade,Boston,Massachusetts,Suffolk County,25025,02116,42.38362630377629,-71.09931885532727,81799.18,4794.21,177885
c370b4e4-a980-2e6a-d5be-74ce23d111c2,1964-01-09,,999-76-3092,S99964699,X30013918X,Mrs.,Antonia30,Charlott617,Wiza601,,Wolf938,M,white,nonhispanic,F,Whitman  Massachusetts  US,957 Lindgren Orchard Unit 14,Boston,Massachusetts,Suffolk County,25025,02126,42.36911933763017,-70.9813372138367,13561.79,650712.29,14320
43996009-25c5-ba84-c8ef-fe021fb88342,2003-03-09,,999-24-9104,S99994977,X93302733X,Ms.,Gabriela205,,Chavarría957,,,,white,hispanic,F,Portsmouth  Saint John Parish  DM,223 Leannon Common Suite 33,Lynn,Massachusetts,Essex County,25009,01902,42.49504196455736,-70.9302607156453,71632.86,15438.56,158870
acd905a4-e3d8-2406-e07f-ffbcc4ad0e5a,1971-04-07,,999-48-9122,S99964940,X45775384X,Ms.,Lorinda137,Leeanna836,Jaskolski867,,,S,black,hispanic,F,Boston  Massachusetts  US,740 Waelchi Parade,Longmeadow,Massachusetts,Hampden County,25013,01106,42.05690020950052,-72.5855121940217,539141.09,412165.84,58976
73443683-ecb7-3283-b91f-2130671c6e87,1947-08-12,,999-21-5517,S99953210,X83846875X,Ms.,Clarinda196,Jaqueline846,Howell947,,,S,white,nonhispanic,F,Springfield  Massachusetts  US,359 McLaughlin Trail,Florida,Massachusetts,Berkshire County,,00000,42.663276051559976,-73.03887495767046,395598.51,542476.36,67940
c58d6513-0598-fbcf-452e-bbdb0917cea0,1999-06-11,,999-69-7547,S99946626,X83476680X,Ms.,Deb577,Julian715,Nicolas769,,,,white,nonhispanic,F,Taunton  Massachusetts  US,1087 Huel Vista,South Yarmouth,Massachusetts,Barnstable County,25001,02664,41.69871480931245,-70.17020364289924,171230.15,300850.73,145366
a1a7386c-650e-3175-36df-aadfad011c51,2012-01-10,,999-14-1340,,,,Leslie90,Frances376,Towne435,,,,white,nonhispanic,M,Worcester  Massachusetts  US,854 Bogisich Club,Southborough,Massachusetts,Worcester County,,00000,42.26614598015267,-71.52469811112117,24273.61,30337.18,854604
c24d6040-2bf6-4c2f-f7c2-83eabea4ccc3,2004-02-11,,999-80-2972,S99993499,X66025470X,Mr.,Seth414,,Schumm995,,,,white,nonhispanic,M,Chicopee  Massachusetts  US,623 Jenkins Port Apt 28,Swansea,Massachusetts,Bristol County,,00000,41.78776255300524,-71.22881190546427,77272.23,10413.41,168440
da56092a-88fa-8302-7522-8d9d6e8baede,1931-06-06,2022-02-20,999-92-5662,S99944784,X06289459X,Mrs.,Yulanda554,Merrie964,Weissnat378,,Powlowski563,M,white,nonhispanic,F,Brockton  Massachusetts  US,758 Friesen Landing,Mashpee,Massachusetts,Barnstable County,,00000,41.622178113404146,-70.47611156239088,839219.59,1092389.10,72617
2333de7f-8fa0-7f75-7802-8308f926132f,1969-10-08,,999-62-7580,S99957911,X65904432X,Mrs.,Germaine912,Marietta439,Aufderhar910,,Kertzmann286,M,white,nonhispanic,F,North Attleborough  Massachusetts  US,676 Marvin Rapid,Boston,Massachusetts,Suffolk County,25025,02122,42.259719573572724,-71.01833810941082,419501.37,891392.67,27252
705d91c3-e7d7-f53d-8269-57fed0263762,1997-10-23,,999-69-2999,S99960881,X75541115X,Mrs.,Leida589,Collene784,Schaefer657,,Bauch723,M,white,nonhispanic,F,Winchendon  Massachusetts  US,118 Schroeder Underpass,Chelsea,Massachusetts,Suffolk County,25017,02149,42.37900180224158,-71.02211101687136,105326.88,338428.38,41007
a88a1ef7-a60f-2304-7aa7-85b9956fe4d8,2003-06-19,,999-60-7264,S99995471,X96216575X,Ms.,Billye739,Earlean804,Trantow673,,,,white,nonhispanic,F,Harvard  Massachusetts  US,908 Beahan Bypass Apt 2,Lowell,Massachusetts,Middlesex County,25017,01850,42.6990236219669,-71.38592720532743,12726.86,765262.60,13994
3819c939-a9ed-28f1-4a1b-c2780abb1b3a,1969-11-23,,999-25-7074,S99953212,X31195562X,Mrs.,Particia365,Kimi714,Ratke343,,Moen819,M,white,nonhispanic,F,Acton  Massachusetts  US,306 Altenwerth Course,Gardner,Massachusetts,Worcester County,25027,01440,42.6309959724553,-71.96194706912752,15548.94,680240.29,12871
8968173d-2675-84f7-6f32-96d29fab010b,1958-06-10,,999-12-1493,S99934735,X28594463X,Mr.,Tony646,Jamel269,Weimann465,,,M,white,nonhispanic,M,Danvers  Massachusetts  US,1018 Wolff Landing Suite 53,Millbury,Massachusetts,Worcester County,,00000,42.173574906400475,-71.73995175082241,276476.13,328814.69,29131
6259c116-1899-9b4e-89d1-dee4a43f03b4,1978-05-13,,999-40-5387,S99989821,X59084616X,Mr.,Clarence5,Alonso270,Buckridge80,,,M,white,nonhispanic,M,Millbury  Massachusetts  US,628 Conn Bay,Bellingham,Massachusetts,Norfolk County,25021,02019,42.12135731428708,-71.48473646480777,93819.65,7944.96,73008
01c716a3-cfc2-f5eb-e742-dea7ea8fd8e1,1958-11-16,,999-38-4841,S99998170,X96561959X,Ms.,Avis183,Josette398,Sawayn19,,,S,white,nonhispanic,F,Boston  Massachusetts  US,632 Heathcote Overpass Unit 77,Norton Center,Massachusetts,Bristol County,,00000,41.9998705558285,-71.18097894512049,290570.42,532360.79,769026
19b7b629-3c06-6f7a-4c44-9c60e6148d31,1998-12-13,,999-57-4145,S99924756,X55228726X,Ms.,Davida245,Tyesha844,Abshire638,,,,white,nonhispanic,F,Haverhill  Massachusetts  US,702 Nikolaus Fork,Norwell,Massachusetts,Plymouth County,,00000,42.17344039885153,-70.86347896551943,41340.66,608633.30,63185
8ac5c0e0-4eea-8fd5-6e70-6116926cb142,1953-02-08,,999-91-7765,S99958437,X66277721X,Mrs.,Lorean637,Cyndy549,Predovic534,,Rowe323,W,white,nonhispanic,F,Lynn  Massachusetts  US,228 Kohler Annex Apt 72,Lynn,Massachusetts,Essex County,25009,01940,42.51564195941996,-71.00797385665761,533693.57,559102.72,56449
3b745ee9-16dc-2c84-5b6b-e08d40d4db0e,2009-08-10,,999-33-4151,S99937785,,,Tanna708,Kate239,Purdy2,,,,black,nonhispanic,F,Hamilton  Massachusetts  US,786 Breitenberg Center Suite 82,Boston,Massachusetts,Suffolk County,25025,02152,42.34687541770926,-71.07962399589643,62954.14,5975.06,98739
d0a8ca41-d452-cc61-1a07-473a92abed12,2018-01-29,,999-18-3132,,,,Ignacio928,,Harber290,,,,white,nonhispanic,M,Boston  Massachusetts  US,728 Crona Tunnel Suite 99,Worcester,Massachusetts,Worcester County,25027,01608,42.31499188947399,-71.75474560182981,1505.23,14181.45,4275
fe91f3fc-d75e-cdd1-aa77-ae0dfa75d9a5,1957-07-08,1991-09-06,999-75-8234,S99913396,X83715659X,Mr.,Ted955,Mauro926,Funk324,,,S,black,nonhispanic,M,Haverhill  Massachusetts  US,314 Tremblay Avenue Apt 69,Boston,Massachusetts,Suffolk County,25025,02118,42.39511944520209,-71.074988643562,42573.25,63949.56,958470
d1b0340c-3da7-bc30-08c5-32b32d4d6112,1981-12-16,,999-76-9441,S99980605,X83025169X,Mrs.,Carmon128,Erinn548,Kertzmann286,,Bailey598,M,white,nonhispanic,F,Arlington  Massachusetts  US,739 O'Keefe View Unit 2,Brookline,Massachusetts,Norfolk County,25017,02467,42.3614325022417,-71.10405484453902,10784.59,192881.75,19567
485095ee-a1f6-3cf9-3e6a-344b3208dffe,2009-08-30,,999-72-3974,S99987131,,,Alphonso102,Darrin898,Leffler128,,,,white,nonhispanic,M,New Bedford  Massachusetts  US,406 Gibson Trafficway Apt 76,Winchendon,Massachusetts,Worcester County,25027,01475,42.627931354981705,-72.01338388326057,463171.70,370249.75,60977
1507f341-65e5-a2e2-abb7-29d3ec1925a5,1992-07-19,2013-02-26,999-99-9693,S99993864,X76719153X,Mr.,Damien170,Keenan632,Anderson154,,,,black,nonhispanic,M,Holland  Massachusetts  US,709 Rice Street,Southwick,Massachusetts,Hampden County,,00000,42.01922177761678,-72.8059379361358,30752.66,73474.32,23942
9e1b810e-552e-a0ca-cba6-b820584b2002,1962-07-19,,999-89-5577,S99914969,X73973348X,Mrs.,Rikki26,Mitzie610,Kling921,,Spinka232,M,white,nonhispanic,F,Somerville  Massachusetts  US,769 Wolff Club Suite 99,Shelburne,Massachusetts,Franklin County,,00000,42.622974488422265,-72.69344629791355,251809.59,1147650.36,24035
8dd988f6-7425-ab84-52ca-3a82a646ccb0,1971-06-01,,999-54-5576,S99937205,X65178828X,Mr.,Rupert654,,Wolff180,,,W,asian,nonhispanic,M,Shrewsbury  Massachusetts  US,480 Hane Camp,Newton,Massachusetts,Middlesex County,25017,02465,42.3250479520867,-71.14659949483217,9652.20,186919.07,5277
0ae684b3-c628-6aca-bb23-9c059e514651,2014-08-08,,999-25-6328,,,,Cameron381,Doug189,Halvorson124,,,,white,nonhispanic,M,Brockton  Massachusetts  US,306 Lehner Gate,Littleton,Massachusetts,Middlesex County,,00000,42.533388361451195,-71.52959164244119,16724.41,8152.62,32110
4e04beea-3c53-fa23-a9e6-685a8e7c7886,1997-06-02,,999-41-4556,S99971912,X92366427X,Mrs.,Corina534,Epifania219,Harvey63,,Nikolaus26,M,white,nonhispanic,F,Fall River  Massachusetts  US,949 Anderson Club,Littleton,Massachusetts,Middlesex County,,00000,42.56520495276078,-71.45522470385521,150034.22,278654.48,139461
a44429d7-c492-652a-3f79-a683f235a64b,1972-05-26,,999-16-1644,S99967651,X28236367X,Mr.,Herb645,,Bartoletti50,,,M,white,nonhispanic,M,Chicopee  Massachusetts  US,1099 Satterfield Run,Foxborough,Massachusetts,Norfolk County,25021,02035,42.084960754536006,-71.21265214405804,117745.39,77497.31,182727
15402a22-6d89-829c-a292-95e6a04a0f06,1991-11-23,,999-77-9091,S99990837,X47533508X,Mrs.,Dee580,Carrie738,Bergstrom287,,Homenick806,M,white,hispanic,F,Attleboro  Massachusetts  US,1059 Collins Bridge,Worcester,Massachusetts,Worcester County,25027,01610,42.23963794232028,-71.80748937799784,9922.01,319962.89,21525
9fc67a36-d913-34c2-5352-709ddec44b50,1966-09-21,,999-63-3413,S99951645,X39870952X,Ms.,Antonina346,Oralee226,Streich926,,,S,white,nonhispanic,F,Brockton  Massachusetts  US,834 Hilpert Frontage road,Holliston,Massachusetts,Middlesex County,,00000,42.15077560070907,-71.42371587696195,786910.74,250297.26,38696
3ea769a0-5e50-c8ea-9698-217262b1c93d,2025-01-29,,999-89-4205,,,,José María211,Jaime666,Villalobos491,,,,white,hispanic,M,Roseau  Saint George  DM,266 Schmitt Lane Apt 72,Gloucester,Massachusetts,Essex County,25009,01930,42.63173466249136,-70.65191682751559,200.00,4791.24,22906
b10e9343-5de1-b00a-bea8-743a9b5ee42c,1989-12-30,,999-72-2340,S99982053,X04437072X,Mrs.,Reva678,Emilie407,Ondricka197,,Frami345,M,white,nonhispanic,F,Lakeville  Massachusetts  US,281 Bergnaum Center Suite 68,Sutton,Massachusetts,Worcester County,,00000,42.10229706023199,-71.7110573756123,172752.08,740392.62,129526
c5d89570-63de-cf63-db7f-5669d88d8ce8,1980-11-08,,999-43-8582,S99950360,X22942456X,Mrs.,Eunice461,So684,Grimes165,,Nienow652,M,white,nonhispanic,F,New Bedford  Massachusetts  US,165 Olson Rapid,Littleton,Massachusetts,Middlesex County,,00000,42.583173452347516,-71.46163588303246,221595.34,527991.73,132363
3473e790-362b-0013-e1b3-d8275e917efc,1994-10-09,,999-40-6103,S99986725,X77808373X,Mr.,Alberto639,Roman389,Gusikowski974,,,M,white,nonhispanic,M,Cohasset  Massachusetts  US,486 Bogisich Course,Somerville,Massachusetts,Middlesex County,25017,02138,42.417787856870724,-71.13259090819292,36799.96,61359.50,25104
9f6baf95-5561-08f7-da08-264ce3f3739a,2007-02-12,,999-22-3648,S99945946,,Ms.,Yolanda648,Marylin690,Ward668,,,,white,nonhispanic,F,Medford  Massachusetts  US,884 Herman Path Suite 8,Shutesbury,Massachusetts,Franklin County,,00000,42.48840353155076,-72.45298483140132,213863.09,64332.89,83088
73e5be85-85e9-ce8b-713a-ba9a0190696a,1976-10-25,,999-16-5189,S99966876,X48637975X,Mrs.,Roseanna881,Piper612,Hodkiewicz467,,Von197,M,white,nonhispanic,F,Malden  Massachusetts  US,499 Strosin Rapid,Everett,Massachusetts,Middlesex County,25017,02149,42.39169968816457,-71.08533456988107,83552.62,480874.67,24205
b2d9173e-b1cf-b45e-9165-e6e7ad45a596,1943-08-12,,999-39-8679,S99944822,X03842908X,Mrs.,Sallie654,Su690,Harris789,,Kling921,D,white,nonhispanic,F,Quincy  Massachusetts  US,943 Grimes Flat,Boston,Massachusetts,Suffolk County,25017,02467,42.397307133889676,-71.08557640338745,21348.87,1318564.68,17955
2a713fde-183b-98e2-178f-46295866a73e,1984-11-06,,999-77-7832,S99981383,X77710236X,Mr.,Lamont867,Ed239,O'Connell601,,,M,black,nonhispanic,M,Edgartown  Massachusetts  US,1011 Howe Byway Unit 4,Holden,Massachusetts,Worcester County,,00000,42.31462381683692,-71.84774779037551,21307.82,114005.74,114173
3901eac2-b8fd-3ff2-3ecf-2a78274ef6e6,2012-06-17,,999-64-3991,,,,Nery414,Violette536,Daniel959,,,,black,hispanic,F,Boston  Massachusetts  US,339 Gutkowski Trail,Boston,Massachusetts,Suffolk County,25025,02199,42.30394979021714,-71.1143017499829,43364.92,0.00,98931
484b93b6-9a4b-cc24-d53a-ee9f3d34b835,2024-02-22,,999-49-7445,,,,Casey401,Denver542,Douglas31,,,,white,nonhispanic,M,Rehoboth  Massachusetts  US,432 Thiel Village,Ashby,Massachusetts,Middlesex County,,00000,42.674443328189305,-71.88190547542453,6547.28,0.00,63424
2bb39ecf-cd1a-fc10-a5d0-62fcf68274db,1956-02-05,,999-83-2829,S99964026,X99100902X,Mr.,Pat3,Marion502,Kuvalis369,,,D,white,nonhispanic,M,Peabody  Massachusetts  US,855 Hilpert View Suite 8,Chelmsford,Massachusetts,Middlesex County,,00000,42.607431787237395,-71.34891600195793,155116.47,199056.57,34719
de4c06a0-1ed2-50cb-5b35-fc590f908e9a,2001-10-03,,999-21-9094,S99923693,X73697452X,Mr.,Hosea56,Robt687,Nolan344,,,,white,nonhispanic,M,Franklin  Massachusetts  US,704 Larson Tunnel Apt 59,Boston,Massachusetts,Suffolk County,25025,02125,42.38349644314798,-71.10861689371431,80146.35,71282.84,41622
c1410262-be39-4043-5334-ed79f66513dc,1984-05-29,,999-55-7835,S99963349,X18599978X,Mrs.,Lorilee250,Aurora248,Kuvalis369,,Schimmel440,M,white,nonhispanic,F,Quincy  Massachusetts  US,582 Nienow Track Apt 34,Malden,Massachusetts,Middlesex County,25017,02148,42.46728228522356,-71.01582637467655,510352.62,114870.50,68683
ccd107ab-78cc-0c3d-fb02-cc99576cd610,1953-03-19,1988-02-19,999-76-5021,S99910034,X44882377X,Mr.,Bertram873,Everett935,Willms744,,,S,white,nonhispanic,M,Milford  Massachusetts  US,288 McClure Rue Suite 89,Gloucester,Massachusetts,Essex County,25009,01930,42.63705269860308,-70.68669910509087,120661.72,0.00,87086
01b6daa3-f676-2b02-116b-9c04750c4eb6,1946-02-21,2010-06-03,999-74-6290,S99932185,X83184778X,Mr.,Zack583,Anderson154,Crooks415,,,M,white,nonhispanic,M,Marshfield  Massachusetts  US,540 Sanford Esplanade,Hopedale,Massachusetts,Worcester County,25027,01747,42.098451691487696,-71.57510819619844,238819.17,129047.34,48966
bb84c0cb-6f8d-5a0f-eab7-e68938cd8c17,1978-07-16,,999-94-9905,S99980623,X52176508X,Mr.,Terry864,Efren426,Becker968,,,D,white,nonhispanic,M,Granby  Massachusetts  US,628 Koelpin Green,Fall River,Massachusetts,Bristol County,25005,02747,41.72985132320705,-71.14325886140291,498354.34,319541.11,71382
32688147-39a0-f3c8-3030-ab8b79787521,1993-12-18,,999-76-1222,S99934260,X73674527X,Mrs.,María del Carmen27,Estela596,Meraz691,,Alaniz897,M,white,hispanic,F,Juarez  Chihuahua  MX,477 Homenick Arcade,Lynn,Massachusetts,Essex County,25009,01906,42.515826924256494,-70.97274996672952,281307.09,887898.30,128431
404b1f25-f17b-c742-a545-88923898fb0e,1955-02-11,2022-12-16,999-67-2871,S99966597,X07906553X,Mr.,Francisco472,Elliot577,Bogisich202,,,M,white,nonhispanic,M,Hamburg  Hamburg  DE,776 Stoltenberg Parade Unit 68,Somerville,Massachusetts,Middlesex County,25017,02144,42.47323669070664,-71.13230180656382,207652.87,486364.40,133545
